"","dist10.counts","dist10.breaks.1.12."
"1",0.0394736842105263,0
"2",0.0657894736842105,5
"3",0.0789473684210526,10
"4",0.138157894736842,15
"5",0.217105263157895,20
"6",0.243421052631579,25
"7",0.171052631578947,30
"8",0.0460526315789474,35
"9",0,40
"10",0,45
"11",0,50
"12",0,55
